insert into customer (customer_id, name, birthday, city, tel)
values (1, 'Никандр Герасимович Аксенов', '1991-01-01', 'moscow', '+78005553530'),
       (2, 'Шарапова Любовь Вениаминовна', '1992-03-03', 'moscow', '+78005553531'),
       (3, 'Агафонов Ферапонт Федотович', '1993-01-02', 'london', '+78005553532'),
       (4, 'Рогов Ратибор Ефимьевич', '1994-02-01', 'london', '+78005553533'),
       (5, 'Михаил Елисеевич Александров', '1995-12-12', 'anapa', '+78005553534'),
       (6, 'Никитин Анатолий Гурьевич', '1996-10-09', 'anapa', '+78005553535'),
       (7, 'Орлов Ираклий Ильясович', '1997-11-11', 'paris', '+78005553536'),
       (8, 'Антонин Трофимович Князев', '1998-06-06', 'paris', '+78005553537'),
       (9, 'Лобанова Вера Харитоновна', '1999-07-07', 'roma', '+78005553538'),
       (10, 'Александра Федоровна Беспалова', '1990-02-02', 'roma', '+78005553539');

insert into florist (florist_id, name, passport, tel)
values (1, 'Ия Станиславовна Рогова', '4519616438', '+78035553530'),
       (2, 'Регина Егоровна Игнатова', '4516616438', '+78035553531'),
       (3, 'Мирослав Валентинович Филатов', '4517616438', '+78035553532'),
       (4, 'Ильина Александра Андреевна', '4515616438', '+78035553533'),
       (5, 'Аким Ерофеевич Субботин', '4515616408', '+78035553534'),
       (6, 'Селезнева Жанна Романовна', '4522616400', '+78035553535'),
       (7, 'Фёкла Максимовна Рогова', '4520616438', '+78035553536'),
       (8, 'Смирнов Эрнест Тимурович', '4520613438', '+78035553537'),
       (9, 'Юлия Тимуровна Беляева', '4514616437', '+78035553538'),
       (10, 'Громов Тимур Валерьевич', '4514616438', '+78035553539');

insert into bouquet (bouquet_id, author, name)
values (1, 8, 'rose'),
       (2, 3, 'memos'),
       (3, 7, 'fun'),
       (4, 3, 'rainbow'),
       (5, 4, 'fantasy'),
       (6, 1, 'journey'),
       (7, 4, 'kitty'),
       (8, 9, 'raspberry'),
       (9, 4, 'sausage'),
       (10, 7, 'fairy');

insert into florist_customer (florist_customer_id, florist, customer)
values (1, 8, 2),
       (2, 3, 3),
       (3, 7, 5),
       (4, 3, 1),
       (5, 4, 1),
       (6, 1, 4),
       (7, 4, 6),
       (8, 9, 8),
       (9, 4, 7),
       (10, 7, 9);
